Risk,Income,Debt,Credit Score,Payment History,Loan Amount,Employment Status,Age,Number of Credit,Loan Tenure,Default History
Bad,36578,51714,402,Average,1169,Employed,58,1,57,No
Good,53110,53153,735,Poor,5951,Self-Employed,51,1,35,No
Bad,93296,50591,570,Poor,2096,Employed,56,4,38,No
Good,98542,8047,406,Good,7882,Employed,39,6,57,No
Bad,26488,74831,371,Good,4870,Employed,56,8,14,No
Bad,46167,71605,320,Average,9055,Employed,50,6,59,No
Good,110178,58862,421,Good,2835,Self-Employed,53,9,52,No
Good,88749,51782,766,Poor,6948,Employed,38,9,6,No
Bad,30634,65028,514,Poor,3059,Employed,48,2,49,No
Bad,47226,11078,630,Poor,5234,Employed,31,1,40,Yes
Good,87121,73475,758,Good,1295,Employed,53,2,16,Yes
Bad,26527,44359,387,Poor,4308,Self-Employed,37,5,39,Yes
Good,84354,2408,672,Poor,1567,Employed,26,4,21,No
Bad,104194,14356,399,Poor,1199,Self-Employed,24,4,14,Yes
Bad,54100,29615,430,Good,1403,Employed,40,9,37,Yes
Good,60998,23213,608,Average,1282,Employed,47,8,20,No
Bad,71630,62787,643,Poor,2424,Unemployed,35,6,17,No
Good,106113,35228,791,Good,8072,Employed,26,1,38,No
Good,60617,79157,713,Average,12579,Employed,34,2,50,No
Bad,85624,56121,685,Average,3430,Self-Employed,31,6,19,Yes
Bad,72077,60563,491,Average,2134,Employed,59,2,13,No
Good,42210,38148,576,Good,2647,Self-Employed,29,5,13,No
Good,47350,5093,460,Average,2241,Employed,46,5,32,No
Good,78761,20565,759,Average,1804,Unemployed,36,6,17,No
Good,78776,3152,613,Average,2069,Self-Employed,25,6,6,No
Bad,71050,69479,321,Average,1374,Employed,30,6,48,No
Bad,65620,74400,552,Average,426,Unemployed,23,2,45,No
Good,96176,12201,774,Good,409,Employed,33,3,47,Yes
Bad,32082,49163,358,Poor,2415,Unemployed,50,6,56,Yes
Good,102712,36305,810,Good,6836,Employed,26,8,16,Yes
Good,94095,13779,775,Poor,1913,Employed,37,1,44,No
Good,117374,57068,489,Average,4020,Employed,39,1,48,No
Bad,91075,19996,543,Average,5866,Employed,55,2,36,Yes
Good,58930,50421,804,Poor,1264,Employed,46,6,22,No
Good,94214,46690,430,Average,1474,Self-Employed,25,9,38,No
Good,74488,35975,784,Average,4746,Self-Employed,49,4,37,Yes
Bad,69903,71570,320,Good,6110,Unemployed,57,3,34,No
Bad,30656,19610,466,Good,2100,Employed,40,8,26,Yes
Good,80012,52776,573,Average,1225,Employed,41,9,26,No
Good,66381,79236,687,Good,458,Employed,30,5,45,No
Good,91902,54163,615,Average,2333,Employed,25,9,28,No
Bad,36595,24896,313,Good,1158,Employed,56,2,11,Yes
Bad,30788,42732,541,Good,6204,Employed,26,3,27,No
Bad,54171,44313,645,Good,6187,Self-Employed,46,7,55,Yes
Bad,47537,75640,639,Average,6143,Employed,24,7,43,Yes
Good,82221,6385,391,Good,1393,Employed,59,6,42,No
Good,92079,70519,666,Average,2299,Employed,59,6,50,No
Good,72964,4288,754,Poor,1352,Employed,55,2,56,No
Good,25312,25006,727,Poor,7228,Employed,21,6,59,No
Good,72810,23790,808,Poor,2073,Unemployed,44,4,13,No
Bad,104630,61651,334,Average,2333,Employed,56,3,46,Yes
Good,67172,29765,505,Good,5965,Employed,26,2,54,Yes
Good,80338,43038,380,Good,1262,Employed,51,1,40,No
Good,50010,17888,687,Average,3378,Self-Employed,40,5,56,No
Good,117053,27769,301,Good,2225,Unemployed,44,2,16,No
Good,118385,36644,689,Poor,783,Self-Employed,45,2,29,No
Good,98312,14141,405,Poor,6468,Employed,56,7,54,No
Good,95321,73392,776,Good,9566,Employed,41,8,26,No
Good,105986,38637,701,Average,1961,Employed,50,8,56,No
Good,82109,35429,461,Good,6229,Unemployed,44,4,7,No
Bad,106931,75988,501,Poor,1391,Self-Employed,50,1,45,No
Bad,76614,46149,569,Poor,1537,Employed,42,7,24,No
Good,85710,49028,570,Average,1953,Self-Employed,48,1,44,No
Good,27001,32046,755,Good,14421,Self-Employed,27,4,33,No
Good,113916,62862,761,Average,3181,Employed,55,8,22,No
Good,72017,22013,551,Average,5190,Unemployed,48,2,11,No
Bad,51337,14615,595,Poor,2171,Unemployed,34,6,24,No
Bad,38418,64737,637,Average,1007,Employed,30,6,43,Yes
Good,104031,26611,352,Good,1819,Employed,36,9,33,No
Bad,29217,32619,516,Average,2394,Employed,36,5,7,No
Good,105096,27378,487,Poor,8133,Employed,51,4,43,No
Good,103425,20975,679,Poor,730,Employed,45,5,60,No
Good,118562,48859,792,Good,1164,Employed,33,5,42,No
Bad,35780,46263,340,Average,5954,Unemployed,26,8,56,No
Good,66193,13504,456,Average,1977,Employed,29,8,57,No
Bad,28280,61793,314,Average,1526,Employed,56,2,9,No
Good,114002,54466,364,Average,3965,Employed,40,7,27,No
Good,97700,35710,820,Good,4771,Employed,38,8,31,No
Good,95667,55992,643,Good,9436,Self-Employed,41,6,54,Yes
Bad,37720,36846,428,Good,3832,Employed,24,5,48,No
Good,93523,4809,771,Poor,5943,Employed,53,9,41,Yes
Good,60839,34551,362,Good,1213,Employed,47,3,18,No
Bad,73746,69423,438,Average,1568,Self-Employed,27,4,57,No
Good,39695,11591,798,Good,1755,Self-Employed,26,9,37,No
Good,53972,58270,691,Average,2315,Employed,35,6,22,No
Bad,95660,72769,718,Average,1412,Employed,38,8,46,Yes
Bad,107269,79081,588,Average,1295,Employed,52,7,41,No
Good,34053,27980,678,Average,12612,Employed,31,2,60,No
Good,102164,43869,789,Good,2249,Employed,40,3,51,No
Good,75663,25946,530,Poor,1108,Employed,44,1,24,No
Good,118712,3312,340,Good,618,Employed,35,9,40,Yes
Bad,37645,18173,327,Good,1409,Employed,27,7,51,Yes
Bad,27699,69075,434,Poor,797,Self-Employed,41,1,45,Yes
Bad,42570,41512,500,Poor,3617,Employed,46,3,33,Yes
Good,49182,21183,332,Average,1318,Employed,34,4,6,No
Good,103965,30604,347,Average,15945,Employed,57,4,47,No
Good,106473,11339,802,Average,2012,Employed,41,5,23,No
Good,44832,44091,706,Poor,2622,Self-Employed,38,3,53,No
Bad,37089,31666,398,Average,2337,Employed,25,3,45,Yes
Good,81561,21133,846,Poor,7057,Employed,23,1,38,No
Good,62503,34019,761,Good,1469,Self-Employed,43,7,17,Yes
Bad,25099,48804,304,Poor,2323,Employed,46,1,13,No
Bad,40130,29772,517,Poor,932,Employed,57,2,29,No
Good,114090,48744,802,Average,1919,Self-Employed,44,4,21,Yes
Good,94452,74057,697,Good,2445,Employed,39,4,55,No
Good,74504,10277,692,Poor,11938,Employed,45,5,9,No
Bad,74570,78090,506,Good,6458,Unemployed,41,2,43,No
Bad,48047,52542,314,Average,6078,Employed,32,4,49,No
Bad,57071,47146,760,Poor,7721,Employed,53,1,32,Yes
Bad,29333,49189,540,Good,1410,Employed,24,2,14,No
Bad,78497,47995,395,Average,1449,Unemployed,27,1,52,No
Good,94710,51290,784,Good,392,Employed,42,4,21,Yes
Good,67108,46035,706,Good,6260,Employed,53,4,17,No
Bad,112910,46351,530,Average,7855,Employed,37,7,36,Yes
Good,50920,57497,470,Good,1680,Employed,44,9,29,No
Good,105029,28294,840,Poor,3578,Employed,54,9,60,Yes
Good,116066,60198,335,Good,7174,Employed,48,5,19,No
Good,33354,34835,824,Good,2132,Employed,59,1,50,No
Bad,94576,54003,459,Poor,4281,Employed,42,1,30,No
Good,101764,34318,542,Average,2366,Employed,37,6,39,No
Bad,34393,73073,385,Poor,1835,Employed,54,2,8,No
Bad,58578,35199,327,Average,3868,Employed,26,8,29,No
Good,85033,15805,639,Average,1768,Employed,26,9,59,No
Good,40773,22867,630,Average,781,Self-Employed,54,4,47,No
Bad,47473,23869,805,Poor,1924,Employed,21,5,14,Yes
Bad,48698,10568,647,Average,2121,Employed,30,8,31,Yes
Bad,46472,68739,772,Poor,701,Employed,41,3,25,No
Bad,49699,24735,530,Poor,639,Self-Employed,25,5,45,No
Bad,71769,57107,489,Poor,1860,Self-Employed,22,3,15,No
Bad,44864,46999,524,Poor,3499,Employed,42,3,24,No
Good,79847,78456,684,Good,8487,Employed,22,3,8,No
Good,62191,17527,676,Good,6887,Unemployed,30,7,29,No
Good,116145,41162,582,Average,2708,Employed,54,7,10,No
Bad,26579,73284,558,Poor,1984,Employed,36,7,8,No
Good,48628,19608,658,Good,10144,Employed,59,8,32,Yes
Good,54581,14420,755,Average,1240,Employed,42,5,21,No
Bad,80110,46163,710,Average,8613,Unemployed,32,5,54,Yes
Bad,110434,60223,617,Average,766,Self-Employed,44,4,20,Yes
Good,78551,62660,524,Good,2728,Employed,60,7,40,No
Good,81204,41280,533,Average,1881,Employed,58,4,17,No
Bad,45525,50658,673,Poor,709,Unemployed,30,2,46,No
Good,43172,11785,771,Good,4795,Self-Employed,55,4,58,No
Bad,33580,65601,532,Poor,3416,Employed,52,8,49,No
Bad,90912,2554,412,Good,2462,Unemployed,27,9,31,Yes
Good,84159,11499,796,Poor,2288,Unemployed,41,3,52,No
Good,68663,56061,741,Poor,3566,Self-Employed,40,7,39,No
Bad,65100,66281,567,Poor,860,Employed,46,9,28,No
Good,106777,54094,809,Average,682,Employed,24,4,36,No
Bad,50571,44304,685,Poor,5371,Self-Employed,42,3,55,No
Good,101503,55892,686,Good,1582,Employed,35,5,25,No
Bad,50266,31980,412,Average,1346,Self-Employed,60,1,17,No
Good,94631,20479,380,Average,1924,Employed,41,3,28,No
Bad,34412,56021,412,Average,5848,Employed,35,8,9,No
Good,119858,65516,301,Good,7758,Employed,42,8,28,No
Bad,114983,59498,519,Poor,6967,Employed,48,4,53,No
Bad,54735,46339,524,Poor,1282,Unemployed,34,2,60,No
Good,53287,76574,684,Good,1288,Self-Employed,47,8,53,No
Good,90765,13613,702,Average,339,Self-Employed,60,8,6,No
Good,39984,11026,429,Good,3512,Employed,48,4,59,No
Bad,61285,41585,352,Average,1898,Employed,46,3,30,Yes
Good,65244,51452,715,Average,2872,Employed,22,2,7,Yes
Good,83660,26306,546,Good,1055,Employed,45,9,35,No
Good,32816,58828,738,Good,1262,Employed,23,1,8,No
Bad,78538,53990,502,Good,7308,Employed,28,7,26,Yes
Bad,25386,20773,483,Average,909,Employed,53,5,30,No
Good,70645,4774,422,Good,2978,Employed,55,8,25,Yes
Good,83889,3181,700,Poor,1131,Unemployed,26,4,54,No
Good,61800,43366,593,Good,1577,Self-Employed,59,7,57,No
Bad,95349,16778,579,Poor,3972,Employed,43,5,27,Yes
Bad,105425,55866,497,Good,1935,Employed,45,5,26,Yes
Good,116242,47317,810,Poor,950,Self-Employed,39,9,38,No
Bad,40080,10289,443,Poor,763,Employed,25,9,57,No
Bad,56019,79327,500,Average,2064,Self-Employed,31,9,43,No
Bad,31793,17018,423,Average,1414,Self-Employed,32,6,20,No
Good,79589,52692,486,Average,3414,Employed,30,6,51,No
Bad,43365,18570,625,Average,7485,Employed,28,5,57,Yes
Good,61207,66776,763,Poor,2577,Employed,44,9,20,No
Bad,92109,57486,648,Average,338,Employed,48,8,51,Yes
Good,53049,32937,702,Poor,1963,Employed,56,7,30,No
Bad,45735,37173,645,Poor,571,Self-Employed,57,7,26,No
Good,50841,46847,810,Poor,9572,Employed,41,6,29,No
Bad,55052,36493,446,Poor,4455,Employed,28,5,10,Yes
Bad,64039,59095,447,Average,1647,Unemployed,29,4,11,No
Good,115283,13867,788,Poor,3777,Self-Employed,35,3,54,Yes
Bad,32877,40385,850,Good,884,Employed,60,3,48,Yes
Good,98024,1032,637,Poor,1360,Employed,38,6,53,No
Good,113641,15520,772,Average,5129,Employed,40,4,49,No
Good,113992,41839,450,Good,1175,Employed,26,6,52,No
Bad,37381,22662,714,Average,674,Employed,32,3,28,Yes
Bad,60415,52082,597,Poor,3244,Employed,22,4,9,No
Bad,52708,23121,562,Average,4591,Unemployed,27,9,32,No
Good,103398,23045,443,Good,3844,Employed,36,5,23,No
Good,118178,30299,645,Good,3915,Self-Employed,23,7,26,No
Bad,57985,8054,301,Poor,2108,Unemployed,23,2,33,No
Good,116947,3975,603,Poor,3031,Employed,47,5,40,No
Bad,117007,38008,553,Poor,1501,Self-Employed,60,9,27,No
Good,93215,58316,752,Poor,1382,Employed,58,3,45,No
Bad,51902,28224,336,Average,951,Unemployed,53,9,28,No
Bad,86102,75939,459,Average,2760,Employed,48,6,8,No
Good,42346,26825,308,Average,4297,Employed,21,4,45,No
Bad,38433,64415,532,Average,936,Employed,28,7,55,No
Good,61303,44950,398,Average,1168,Self-Employed,57,8,15,No
Good,44636,25809,507,Good,5117,Self-Employed,52,6,30,No
Bad,47732,61662,430,Average,902,Employed,57,5,57,Yes
Good,41634,42530,703,Good,1495,Self-Employed,24,6,54,Yes
Good,97404,20699,451,Poor,10623,Employed,50,5,13,No
Bad,91562,66828,353,Poor,1935,Employed,26,8,60,No
Good,73896,16459,419,Poor,1424,Employed,39,1,16,No
Good,106720,46271,719,Good,6568,Employed,52,7,10,No
Good,32693,29990,721,Average,1413,Employed,29,2,50,No
Bad,64137,63111,403,Poor,3074,Unemployed,32,9,58,Yes
Bad,115508,58179,553,Average,3835,Employed,31,1,60,Yes
Bad,78109,67075,526,Average,5293,Employed,36,6,42,No
Good,118086,27575,411,Average,1908,Employed,21,9,50,No
Bad,35446,71992,809,Average,3342,Self-Employed,41,1,43,No
Bad,111269,65991,772,Poor,932,Unemployed,50,4,34,No
Good,66879,54600,398,Average,3104,Employed,33,4,10,No
Good,83054,10729,452,Good,3913,Self-Employed,54,9,14,No
Good,44922,24729,637,Poor,3021,Employed,24,5,53,No
Good,106074,10907,462,Good,1364,Self-Employed,48,5,7,Yes
Bad,45676,63546,460,Good,625,Employed,58,6,6,No
Bad,49405,61719,697,Good,1200,Unemployed,51,1,45,No
Bad,68092,69614,576,Poor,707,Employed,47,1,56,No
Good,87000,38121,803,Average,2978,Employed,25,9,35,Yes
Good,89836,49816,691,Poor,4657,Self-Employed,45,3,16,No
Bad,28660,7883,434,Average,2613,Employed,23,4,33,No
Good,72405,11742,494,Poor,10961,Employed,53,1,49,No
Bad,74782,18242,700,Poor,7865,Employed,24,9,17,Yes
Bad,75370,61991,332,Average,1478,Employed,45,8,44,No
Good,25928,41117,759,Average,3149,Employed,40,2,31,No
Good,75199,52707,769,Good,4210,Employed,54,8,18,No
Good,102760,79992,674,Good,2507,Employed,46,7,13,No
Bad,74582,57653,321,Poor,2141,Employed,25,6,59,No
Bad,80044,31249,337,Poor,866,Self-Employed,55,1,33,No
Good,72836,10829,529,Poor,1544,Employed,48,7,35,No
Bad,96128,77096,664,Poor,1823,Employed,49,7,14,No
Good,71164,37674,737,Good,14555,Employed,29,9,44,No
Bad,66768,78437,582,Average,2767,Employed,58,1,36,No
Bad,103460,45385,326,Poor,1291,Self-Employed,26,2,26,Yes
Bad,86902,67812,525,Average,2522,Employed,39,9,52,No
Bad,26577,47617,576,Average,915,Employed,31,9,39,No
Bad,81627,53066,583,Average,1595,Self-Employed,22,6,60,Yes
Good,100726,41599,780,Good,4605,Self-Employed,29,6,36,No
Good,51513,6717,752,Average,1185,Employed,41,4,57,No
Good,51394,46377,815,Good,3447,Self-Employed,44,4,30,No
Bad,116459,42849,846,Poor,1258,Unemployed,54,5,17,Yes
Bad,32846,67142,491,Good,717,Employed,42,3,6,No
Bad,106536,72318,348,Poor,1204,Self-Employed,23,1,60,No
Good,68848,70624,811,Average,1925,Self-Employed,32,1,27,No
Good,107214,7593,316,Poor,433,Employed,48,7,45,No
Bad,31686,50165,471,Poor,666,Employed,50,1,42,Yes
Good,112808,5170,519,Good,2251,Employed,46,1,52,No
Bad,51277,49200,457,Good,2150,Self-Employed,41,3,6,Yes
Good,113878,59576,776,Poor,4151,Unemployed,48,4,6,No
Bad,36671,22376,345,Average,2030,Employed,46,4,47,No
Good,101163,28537,672,Good,7418,Employed,53,2,59,No
Good,49582,33214,817,Good,2684,Employed,41,1,47,Yes
Bad,109047,42699,398,Poor,2149,Employed,55,3,26,No
Bad,40338,59921,336,Poor,3812,Employed,54,4,20,Yes
Good,69474,26960,579,Good,1154,Employed,38,3,22,No
Good,52824,51165,648,Average,1657,Self-Employed,31,8,27,No
Good,98151,68412,796,Good,1603,Employed,43,1,43,No
Good,48444,12550,601,Good,5302,Self-Employed,42,2,40,No
Bad,77267,45974,480,Good,2748,Employed,37,7,50,Yes
Bad,46592,34576,398,Average,1231,Employed,25,4,21,No
Good,114292,6132,415,Good,802,Employed,31,8,13,Yes
Bad,109212,72641,490,Good,6304,Employed,50,3,52,Yes
Bad,56156,48501,552,Average,1533,Unemployed,35,6,22,No
Bad,89615,41851,460,Good,8978,Employed,47,9,22,Yes
Bad,55061,24955,555,Good,999,Self-Employed,55,1,59,Yes
Good,98068,41249,622,Good,2662,Employed,53,1,31,No
Bad,55571,32977,427,Poor,1402,Self-Employed,40,8,18,No
Bad,35744,13705,317,Good,12169,Employed,36,3,22,Yes
Good,75716,38773,622,Good,3060,Self-Employed,54,5,43,No
Bad,51123,58608,587,Poor,11998,Self-Employed,22,1,22,No
Bad,113470,34838,454,Poor,2697,Employed,55,5,53,No
Good,63266,59857,789,Good,2404,Employed,60,6,19,No
Good,117749,1518,685,Average,1262,Self-Employed,48,8,50,Yes
Bad,32710,12809,403,Average,4611,Unemployed,59,3,11,No
Good,113930,5720,692,Good,1901,Employed,26,3,40,No
Good,50644,6591,545,Average,3368,Self-Employed,29,9,51,No
Bad,75771,74962,475,Good,1574,Unemployed,40,4,19,No
Bad,39519,26246,338,Average,1445,Self-Employed,21,4,52,No
Bad,39042,41691,776,Poor,1520,Unemployed,28,7,13,No
Good,30296,47672,837,Good,3878,Self-Employed,43,2,20,No
Good,117460,37410,707,Poor,10722,Employed,23,8,59,No
Bad,72043,77241,824,Poor,4788,Employed,24,6,32,Yes
Good,43774,22717,805,Average,7582,Employed,45,3,18,Yes
Good,115526,38617,335,Good,1092,Self-Employed,58,9,54,No
Bad,75717,67484,319,Poor,1024,Self-Employed,35,5,36,No
Good,42148,2744,620,Average,1076,Employed,41,8,58,No
Good,25556,58155,811,Good,9398,Self-Employed,55,7,40,No
Good,47835,25436,699,Good,6419,Self-Employed,34,8,11,No
Bad,114104,67217,770,Poor,4796,Employed,56,7,10,Yes
Good,117613,36647,442,Average,7629,Employed,32,3,27,No
Bad,83120,61169,391,Good,9960,Employed,37,2,54,Yes
Good,27030,29620,653,Good,4675,Employed,59,7,28,No
Bad,75832,38032,350,Poor,1287,Employed,29,3,30,No
Good,77580,4873,489,Good,2515,Employed,55,3,39,No
Bad,34658,23466,424,Poor,2745,Employed,33,2,31,No
Bad,117660,33731,449,Average,672,Employed,35,4,52,Yes
Good,116863,13898,613,Poor,3804,Employed,38,8,10,No
Good,106327,53012,641,Poor,1344,Employed,53,1,31,No
Good,63989,70315,604,Good,1038,Self-Employed,26,1,25,No
Good,109468,67950,353,Good,10127,Employed,47,5,11,No
Good,112031,20892,743,Poor,1543,Unemployed,43,5,11,No
Bad,47112,50692,563,Good,4811,Unemployed,47,1,55,No
Bad,37626,6907,352,Poor,727,Employed,54,6,23,No
Good,111833,2133,304,Good,1237,Employed,58,1,9,No
Bad,56678,42253,402,Poor,276,Employed,34,5,22,No
Good,118447,29302,495,Average,5381,Employed,56,9,19,No
Bad,66727,60548,649,Poor,5511,Employed,28,5,19,No
Bad,30568,44340,346,Average,3749,Employed,55,6,18,No
Good,103462,8563,568,Poor,685,Employed,39,8,12,No
Good,60825,6327,669,Average,1494,Employed,50,1,49,No
Bad,115518,61142,405,Average,2746,Employed,34,2,60,Yes
Bad,49587,48180,419,Poor,708,Employed,40,9,20,No
Good,99852,45529,357,Average,4351,Employed,45,3,24,No
Bad,100551,13959,645,Poor,701,Employed,60,6,48,Yes
Good,91415,68209,773,Poor,3643,Employed,44,5,52,No
Bad,58319,8073,416,Poor,4249,Unemployed,34,2,49,No
Bad,69369,60777,426,Poor,1938,Employed,46,7,40,Yes
Good,59582,21113,692,Good,2910,Employed,58,4,22,Yes
Bad,42854,42452,357,Good,2659,Employed,43,1,40,Yes
Good,57352,77196,812,Good,1028,Employed,42,4,24,No
Bad,25549,12812,395,Poor,3398,Unemployed,39,6,25,Yes
Bad,110880,78978,417,Average,5801,Self-Employed,23,7,41,No
Good,55848,52375,787,Average,1525,Employed,39,7,40,No
Bad,43805,66952,536,Good,4473,Self-Employed,29,7,37,No
Good,118677,15210,571,Good,1068,Unemployed,48,3,53,No
Bad,39321,79203,488,Average,6615,Unemployed,40,6,49,Yes
Good,39550,9034,746,Average,1864,Self-Employed,27,8,45,No
Bad,45680,68236,546,Good,7408,Self-Employed,34,4,29,No
Good,113200,5001,375,Good,11590,Employed,29,8,22,No
Bad,76771,72150,453,Average,4110,Employed,39,2,12,No
Good,88589,63214,734,Poor,3384,Employed,34,9,48,No
Bad,63706,42326,385,Good,2101,Employed,58,9,55,Yes
Bad,27510,13214,584,Average,1275,Employed,56,8,6,No
Bad,75808,66837,519,Poor,4169,Employed,60,1,40,No
Good,45300,21838,368,Good,1521,Employed,37,2,37,No
Bad,77510,74743,346,Good,5743,Self-Employed,50,6,41,Yes
Bad,50140,2557,393,Average,3599,Unemployed,29,5,18,Yes
Good,116229,26060,752,Average,3213,Employed,53,9,11,No
Bad,75692,43699,503,Poor,4439,Employed,45,5,19,Yes
Bad,113085,56346,517,Poor,3949,Self-Employed,34,2,42,Yes
Good,102872,37908,773,Average,1459,Employed,31,4,53,No
Good,56545,58317,731,Poor,882,Self-Employed,55,9,20,No
Good,87813,20622,640,Poor,3758,Employed,34,1,52,No
Good,40777,5146,850,Poor,1743,Employed,50,1,9,No
Bad,54672,13470,588,Average,1136,Unemployed,24,7,45,No
Bad,42505,28083,553,Poor,1236,Employed,24,3,21,Yes
Good,54946,31844,656,Average,959,Employed,48,2,33,No
Good,95700,64215,322,Good,3229,Self-Employed,28,9,21,No
Good,112754,45017,821,Good,6199,Employed,22,3,9,No
Bad,53384,65262,399,Average,727,Employed,42,2,50,No
Bad,31767,32362,479,Average,1246,Unemployed,36,8,31,Yes
Bad,96842,72360,522,Average,2331,Employed,49,6,33,No
Bad,34185,66324,741,Average,4463,Self-Employed,50,6,37,No
Bad,45585,65979,624,Average,776,Employed,32,7,50,No
Good,54586,19791,815,Average,2406,Employed,55,7,7,No
Bad,74425,39946,315,Poor,1239,Employed,31,6,36,No
Bad,45790,60386,635,Average,3399,Employed,41,4,8,No
Bad,106937,51980,557,Poor,2247,Unemployed,41,9,59,No
Good,82482,21586,796,Good,1766,Unemployed,25,6,13,Yes
Bad,56133,72478,459,Good,2473,Employed,40,4,29,No
Good,91905,48234,774,Poor,1542,Self-Employed,57,3,20,No
Bad,34807,10286,679,Average,3850,Employed,23,4,48,Yes
Good,71625,25537,844,Poor,3650,Employed,53,3,36,No
Good,91897,34281,726,Poor,3446,Employed,29,2,14,No
Bad,82666,70859,567,Poor,3001,Employed,29,5,44,No
Good,119433,71343,716,Average,3079,Employed,24,2,50,No
Bad,102040,33082,467,Poor,6070,Self-Employed,55,6,7,Yes
Good,65600,75859,342,Good,2146,Employed,37,3,13,No
Bad,33347,2457,584,Poor,13756,Employed,54,6,12,No
Good,118842,16619,696,Good,14782,Employed,44,9,49,No
Good,103125,9402,311,Poor,7685,Employed,52,1,56,No
Bad,33225,58329,601,Poor,2320,Self-Employed,21,6,44,No
Bad,44530,73596,552,Average,846,Employed,28,9,47,No
Good,72727,71458,798,Good,14318,Employed,43,4,21,No
Good,111973,39814,334,Good,362,Employed,60,2,40,No
Bad,96575,35450,389,Average,2212,Employed,32,4,35,Yes
Good,112458,69874,717,Good,12976,Employed,32,1,15,No
Bad,90339,64422,414,Poor,1283,Employed,35,3,43,No
Bad,37680,42944,495,Good,1330,Self-Employed,39,9,23,Yes
Good,105672,30511,800,Average,4272,Self-Employed,46,5,55,No
Good,102111,33369,792,Poor,2238,Employed,49,6,10,No
Bad,88483,69602,374,Average,1126,Employed,42,3,58,No
Good,56176,23054,712,Poor,7374,Employed,60,5,34,No
Good,81831,4742,675,Good,2326,Employed,41,8,44,Yes
Good,114365,22670,719,Poor,1449,Employed,58,6,39,Yes
Bad,41806,2443,576,Poor,1820,Employed,40,4,48,Yes
Good,96432,45521,693,Poor,983,Employed,49,2,50,No
Bad,51194,69163,756,Poor,3249,Employed,24,9,28,Yes
Bad,51705,73892,491,Good,1957,Employed,27,1,10,No
Good,80075,24276,398,Average,2406,Employed,48,1,35,No
Good,66167,79025,847,Average,11760,Employed,48,4,11,No
Good,65392,11561,395,Average,2578,Employed,24,7,51,No
Good,112234,17853,489,Good,2348,Employed,42,1,49,No
Good,119940,50343,336,Good,1223,Self-Employed,32,9,9,No
Good,88120,45511,668,Good,1516,Employed,23,4,34,No
Good,107154,30578,824,Average,1473,Unemployed,42,3,28,No
Bad,25444,76272,578,Average,1887,Employed,22,1,11,No
Bad,99524,26423,516,Poor,8648,Self-Employed,44,4,37,Yes
Bad,27580,58132,572,Good,802,Employed,54,9,47,No
Good,92076,2032,361,Average,2899,Self-Employed,47,6,23,No
Good,67426,72040,641,Good,2039,Self-Employed,21,6,20,No
Good,114852,18512,696,Poor,2197,Employed,28,1,45,No
Bad,85286,65095,318,Poor,1053,Employed,43,2,37,No
Good,66892,39427,476,Good,3235,Employed,58,6,14,No
Good,52178,28728,695,Good,939,Employed,26,2,42,No
Bad,110201,30852,744,Poor,1967,Employed,42,3,15,Yes
Bad,80369,60967,532,Average,7253,Employed,45,4,25,Yes
Good,88331,74811,375,Good,2292,Employed,38,5,11,No
Good,31275,14332,564,Good,1597,Employed,37,9,53,No
Good,70995,76788,754,Average,1381,Self-Employed,32,4,8,No
Bad,59671,74050,683,Poor,5842,Employed,26,9,47,No
Good,67058,15499,805,Good,2579,Unemployed,46,3,16,No
Good,87144,52266,666,Poor,8471,Employed,47,8,48,No
Good,101773,46744,443,Good,2782,Employed,28,1,22,No
Bad,43601,69214,368,Poor,1042,Employed,39,9,37,No
Good,34487,13661,398,Good,3186,Employed,21,9,9,No
Good,56786,49175,695,Good,2028,Self-Employed,49,2,9,No
Bad,66897,32807,324,Poor,958,Employed,55,4,22,No
Good,58838,26228,768,Average,1591,Self-Employed,60,8,46,No
Good,39222,45733,783,Good,2762,Employed,34,7,24,No
Bad,40249,51030,450,Poor,2779,Employed,55,1,10,No
Good,60328,54819,443,Average,2743,Employed,40,5,37,No
Bad,96717,54444,338,Poor,1149,Employed,33,7,27,Yes
Good,62879,75382,408,Good,1313,Employed,58,4,11,No
Good,71694,9560,341,Good,1190,Employed,28,1,40,Yes
Good,116301,63660,485,Good,3448,Employed,40,9,27,No
Good,96470,27674,697,Average,11328,Employed,53,5,6,No
Good,79484,26710,522,Good,1872,Employed,46,2,25,No
Bad,33896,30464,432,Average,2058,Employed,59,8,27,Yes
Good,106413,20705,462,Good,2136,Employed,41,2,53,No
Good,77515,37978,514,Average,1484,Employed,29,3,60,No
Bad,65590,70577,534,Poor,660,Employed,44,1,16,No
Good,52713,1976,308,Average,1287,Employed,57,2,18,No
Bad,52415,34352,373,Poor,3394,Employed,37,7,47,No
Good,29404,16440,791,Good,609,Employed,44,2,8,No
Bad,90049,16440,552,Average,1884,Employed,41,6,14,Yes
Bad,35259,35976,529,Average,1620,Self-Employed,59,3,17,No
Good,56239,45752,818,Average,2629,Employed,59,4,28,No
Good,53080,10434,473,Average,719,Employed,33,8,19,No
Good,112773,19339,467,Average,5096,Employed,31,3,38,No
Good,88094,54358,469,Average,1244,Employed,39,6,23,No
Good,75415,8470,692,Good,1842,Employed,31,1,54,Yes
Bad,104246,75391,493,Poor,2576,Employed,33,7,46,No
Good,92382,69778,816,Poor,1424,Self-Employed,21,8,14,No
Bad,84481,34095,328,Good,1512,Employed,60,8,28,Yes
Bad,95156,33401,464,Average,11054,Employed,39,3,15,Yes
Good,29864,44858,721,Good,518,Employed,32,1,24,No
Bad,92208,60992,638,Good,2759,Employed,28,9,52,Yes
Good,76450,5518,795,Average,2670,Employed,28,6,10,Yes
Good,28023,50861,664,Good,4817,Employed,32,9,52,No
Bad,93745,64222,641,Average,2679,Employed,53,7,57,Yes
Good,95605,17367,799,Good,3905,Unemployed,46,1,28,No
Good,113622,31560,810,Good,3386,Employed,59,1,35,No
Good,40950,15924,626,Good,343,Employed,48,6,30,No
Bad,81783,58183,516,Poor,4594,Employed,25,5,33,No
Good,86028,24247,600,Good,3620,Employed,28,9,39,No
Bad,55206,34415,431,Average,1721,Employed,45,2,50,No
Bad,53941,64908,369,Good,3017,Employed,47,8,53,No
Good,106918,40478,551,Average,754,Self-Employed,43,5,52,No
Good,107558,7990,714,Good,1950,Self-Employed,50,2,30,No
Good,112666,70159,744,Good,2924,Employed,43,6,15,No
Good,113654,17792,481,Poor,1659,Self-Employed,40,8,19,No
Bad,56085,67424,466,Good,7238,Employed,38,4,47,Yes
Good,34913,6329,390,Good,2764,Employed,38,2,51,No
Bad,91588,67665,830,Poor,4679,Employed,22,5,35,Yes
Bad,47318,71209,338,Good,3092,Unemployed,24,2,60,No
Bad,74038,33275,425,Poor,448,Employed,50,2,46,No
Good,37173,72273,750,Good,654,Employed,53,6,30,No
Bad,33121,45743,472,Poor,1238,Employed,56,9,19,No
Bad,103362,76363,519,Poor,1245,Employed,38,4,40,No
Bad,55984,57682,357,Poor,3114,Employed,57,6,57,No
Good,68224,14364,775,Good,2569,Employed,39,7,53,Yes
Good,48430,29078,755,Average,5152,Employed,48,6,39,No
Good,116799,69730,660,Average,1037,Employed,60,8,15,No
Good,53720,11758,300,Good,1478,Employed,40,4,40,No
Good,99995,65803,686,Good,3573,Employed,53,1,16,No
Bad,68356,2505,647,Poor,1201,Employed,32,7,16,Yes
Bad,56851,45301,489,Poor,3622,Employed,35,3,26,No
Good,107983,71275,804,Poor,960,Employed,59,6,26,No
Good,74847,44442,490,Good,1163,Employed,22,2,27,No
Good,118663,24866,807,Average,1209,Employed,49,9,50,No
Bad,25428,2169,668,Average,3077,Unemployed,30,1,12,No
Good,86005,30092,708,Poor,3757,Employed,22,6,60,No
Bad,116193,68751,416,Poor,1418,Employed,31,6,22,No
Good,25809,2163,433,Good,3518,Employed,33,5,7,No
Good,99008,74971,357,Good,1934,Employed,30,5,17,No
Bad,78042,46469,472,Poor,8318,Employed,34,1,47,No
Bad,101060,41822,448,Poor,1237,Employed,38,5,23,No
Bad,49746,42540,379,Poor,368,Employed,29,2,59,No
Bad,63690,69492,512,Good,2122,Employed,59,7,16,Yes
Bad,38429,72898,502,Good,2996,Unemployed,48,3,21,No
Bad,39968,63354,528,Average,9034,Self-Employed,23,4,54,No
Bad,39625,59968,526,Good,1585,Employed,40,3,56,No
Good,38609,3556,831,Average,1301,Employed,26,3,23,No
Good,119812,1770,740,Good,1323,Self-Employed,47,4,40,No
Bad,57910,54453,701,Poor,3123,Employed,22,5,58,Yes
Good,68083,14292,346,Average,5493,Employed,49,1,31,No
Bad,27202,29249,532,Average,1126,Unemployed,58,4,21,No
Good,118140,50568,604,Poor,1216,Employed,23,8,11,No
Good,28529,66094,825,Good,1207,Employed,36,7,49,No
Bad,109258,61254,442,Average,1309,Unemployed,50,9,48,Yes
Good,101375,75786,714,Good,2360,Employed,60,5,52,No
Good,67127,74411,812,Average,6850,Employed,22,4,52,No
Good,31563,19068,672,Good,1413,Employed,37,8,53,No
Good,81998,7359,558,Good,8588,Self-Employed,32,9,47,No
Good,111389,33998,770,Good,759,Self-Employed,55,7,17,No
Good,115496,17203,311,Good,4686,Self-Employed,21,7,18,No
Good,46180,16049,629,Poor,2687,Employed,35,5,9,No
Good,81585,59611,657,Good,585,Self-Employed,46,4,44,Yes
Good,44296,31550,707,Good,2255,Unemployed,57,1,59,No
Bad,118239,70525,672,Average,609,Employed,41,7,7,Yes
Bad,116521,62550,307,Average,1361,Unemployed,51,1,31,No
Bad,34121,24740,421,Poor,7127,Self-Employed,45,1,32,No
Good,43645,1907,647,Poor,1203,Employed,43,5,32,No
Good,40907,46236,389,Good,700,Employed,44,9,20,No
Good,74323,38221,615,Poor,5507,Employed,58,6,13,No
Bad,76423,33682,477,Poor,3190,Employed,48,3,12,No
Good,105781,14326,839,Poor,7119,Employed,41,3,52,No
Bad,100741,41825,340,Poor,3488,Employed,38,7,60,No
Good,115297,34088,801,Poor,1113,Self-Employed,56,6,51,No
Bad,119447,67088,444,Good,7966,Unemployed,55,9,45,No
Bad,25340,17505,500,Average,1532,Self-Employed,29,6,17,No
Bad,27300,35561,760,Poor,1503,Employed,58,5,18,No
Good,64736,77083,846,Average,2302,Employed,50,7,48,No
Bad,70230,60595,552,Good,662,Employed,54,1,22,Yes
Good,112770,9778,689,Good,2273,Employed,52,7,22,Yes
Bad,56571,58774,555,Average,2631,Self-Employed,23,3,41,No
Bad,39428,72850,749,Good,1503,Unemployed,23,9,26,Yes
Bad,106246,51202,309,Poor,1311,Employed,48,6,13,No
Bad,82257,32902,541,Average,3105,Unemployed,35,9,10,No
Good,70715,20429,550,Good,2319,Self-Employed,43,5,31,Yes
Bad,27771,75354,304,Poor,1374,Employed,60,7,21,No
Bad,57833,34455,418,Good,3612,Self-Employed,31,4,41,Yes
Good,59343,21675,673,Average,7763,Employed,52,7,33,No
Bad,116094,17067,364,Poor,3049,Employed,56,1,59,Yes
Good,79215,25511,445,Good,1534,Employed,53,7,34,No
Bad,38866,66712,523,Poor,2032,Employed,44,8,52,No
Bad,48333,52467,538,Average,6350,Employed,59,5,17,No
Bad,32479,73014,476,Good,2864,Employed,54,2,42,No
Good,39616,28626,581,Good,1255,Employed,48,5,35,No
Good,85726,16718,362,Poor,1333,Employed,57,6,28,No
Good,101076,26115,516,Poor,2022,Employed,27,2,21,No
Good,64642,38415,760,Good,1552,Employed,24,6,19,No
Bad,60765,42662,404,Poor,626,Employed,57,6,15,No
Bad,96649,71549,398,Average,8858,Employed,21,1,12,No
Good,78598,4324,810,Good,996,Employed,21,1,50,No
Good,49816,24846,684,Good,1750,Employed,40,3,57,No
Good,106023,15015,704,Good,6999,Employed,39,3,42,No
Good,70081,67114,817,Average,1995,Employed,49,4,34,No
Good,90053,16578,775,Poor,1199,Self-Employed,30,2,8,No
Good,44442,32640,736,Average,1331,Employed,38,9,20,No
Good,87687,58680,322,Average,2278,Employed,48,7,41,No
Good,95331,65885,757,Good,5003,Unemployed,55,7,52,No
Good,99028,29668,382,Good,3552,Self-Employed,51,6,51,Yes
Bad,30160,25361,444,Poor,1928,Unemployed,47,3,57,No
Good,81876,18033,384,Good,2964,Self-Employed,31,6,24,Yes
Bad,93662,57890,377,Poor,1546,Employed,58,8,18,No
Good,50469,29739,756,Average,683,Employed,25,8,47,Yes
Good,82103,12909,300,Good,12389,Employed,28,9,26,Yes
Good,48127,1840,350,Good,4712,Employed,54,1,42,No
Good,99766,23839,745,Good,1553,Employed,32,1,32,No
Bad,48727,67234,748,Poor,1372,Employed,58,3,60,Yes
Good,27398,1574,787,Average,2578,Employed,21,3,57,No
Good,71909,68138,333,Good,3979,Self-Employed,51,8,34,No
Good,83519,18193,647,Average,6758,Self-Employed,24,1,25,No
Bad,103703,60605,394,Good,3234,Employed,25,2,30,Yes
Bad,104305,71681,371,Average,5954,Self-Employed,50,2,11,No
Good,114883,8951,850,Good,5433,Employed,44,3,41,No
Bad,32286,49037,453,Average,806,Self-Employed,23,6,7,Yes
Bad,66555,32076,549,Poor,1082,Employed,31,1,27,No
Bad,39347,79646,737,Good,2788,Unemployed,24,2,37,No
Good,27492,3621,417,Good,2930,Employed,46,1,21,No
Bad,114769,74098,605,Poor,1927,Employed,47,5,23,No
Good,90276,42203,567,Average,2820,Employed,47,7,10,No
Bad,117312,42358,353,Poor,937,Employed,26,8,59,No
Bad,30271,32245,535,Poor,1056,Employed,35,1,41,No
Bad,68560,75120,688,Poor,3124,Employed,50,7,35,No
Bad,38674,70793,700,Average,1388,Employed,57,5,50,No
Good,74463,47984,602,Poor,2384,Employed,57,1,24,No
Bad,116657,61600,506,Good,2133,Employed,57,3,28,Yes
Bad,83334,36134,528,Average,2039,Unemployed,55,7,39,No
Good,103574,26695,374,Poor,2799,Employed,43,1,18,No
Good,30818,9863,734,Good,1289,Employed,26,7,48,No
Good,69113,16639,402,Average,1217,Employed,24,5,59,No
Good,51499,26605,721,Average,2246,Self-Employed,38,1,34,No
Bad,81889,74962,605,Poor,385,Employed,29,1,41,Yes
Bad,45306,38963,397,Poor,1965,Unemployed,49,1,27,No
Good,41095,12594,634,Poor,1572,Self-Employed,33,9,57,No
Good,115484,26447,734,Average,2718,Employed,37,3,57,No
Bad,27707,44865,746,Poor,1358,Employed,52,5,52,Yes
Good,60202,52906,607,Poor,931,Self-Employed,42,9,41,No
Bad,37186,14300,548,Poor,1442,Self-Employed,24,6,14,No
Good,52980,18824,465,Good,4241,Employed,25,9,44,No
Good,111899,6994,780,Good,2775,Employed,57,8,56,No
Good,67610,32091,634,Average,3863,Self-Employed,33,8,24,No
Good,39752,53117,841,Average,2329,Employed,54,1,43,No
Bad,46661,76429,405,Poor,918,Unemployed,42,9,11,No
Bad,37259,1077,380,Average,1837,Employed,43,6,57,Yes
Bad,59888,29082,432,Poor,3349,Employed,23,9,52,No
Good,118506,69913,437,Good,1275,Self-Employed,54,3,20,No
Good,76986,76797,483,Good,2828,Employed,52,3,25,No
Good,49486,2355,700,Poor,4526,Employed,41,6,14,No
Good,51925,2431,629,Average,2671,Employed,41,9,37,No
Good,112332,25830,807,Good,2051,Employed,31,7,9,No
Good,114922,18072,368,Good,1300,Employed,59,3,55,No
Good,84597,29436,845,Average,741,Employed,24,3,23,No
Bad,32269,72615,352,Good,1240,Employed,21,2,10,No
Good,111698,49847,749,Average,3357,Self-Employed,48,9,25,No
Bad,115339,70083,504,Average,3632,Employed,44,3,28,No
Good,91533,11994,425,Average,1808,Employed,55,5,16,No
Bad,41186,46190,342,Average,12204,Employed,33,9,42,No
Bad,112669,54155,410,Average,9157,Unemployed,54,8,27,No
Bad,91353,52594,482,Poor,3676,Self-Employed,31,2,9,No
Good,70612,12557,394,Good,3441,Employed,56,3,34,No
Bad,33989,66657,673,Poor,640,Employed,37,2,49,No
Good,108656,22307,819,Good,3652,Employed,55,8,39,No
Good,51180,77967,659,Good,1530,Self-Employed,38,6,18,No
Good,50558,34729,580,Good,3914,Self-Employed,60,6,47,No
Bad,26598,71485,494,Average,1858,Employed,42,9,14,No
Good,71466,11081,494,Poor,2600,Self-Employed,44,8,47,No
Good,116358,55599,392,Average,1979,Self-Employed,39,4,36,No
Bad,35538,32644,360,Good,2116,Employed,57,4,12,No
Bad,59932,67347,350,Good,1437,Employed,59,9,9,No
Good,71814,65782,702,Good,4042,Employed,41,1,24,No
Good,66805,79952,304,Good,3832,Employed,28,2,47,No
Good,105830,72911,765,Good,3660,Self-Employed,48,2,35,No
Bad,34293,69300,833,Poor,1553,Employed,25,6,36,No
Good,41667,34046,704,Average,1444,Employed,37,4,40,No
Good,42184,38540,812,Good,1980,Employed,57,3,26,No
Good,93002,26453,532,Good,1355,Employed,56,3,36,No
Good,58893,58646,823,Poor,1393,Employed,39,3,24,No
Bad,30083,18202,645,Poor,1376,Employed,47,6,36,No
Bad,79118,12765,345,Average,15653,Employed,54,8,58,Yes
Good,58420,36849,845,Average,1493,Employed,31,7,37,No
Good,75855,34456,377,Average,4370,Employed,32,4,7,No
Good,113758,21467,372,Average,750,Employed,41,4,57,No
Good,61868,53024,548,Good,1308,Employed,31,2,15,No
Good,86609,19549,346,Average,4623,Employed,59,1,7,No
Good,77710,27391,420,Good,1851,Employed,48,9,7,Yes
Good,77713,9483,513,Average,1880,Employed,25,2,29,No
Bad,62885,44623,538,Good,7980,Employed,37,8,22,Yes
Bad,113663,40950,355,Poor,4583,Employed,40,9,37,No
Good,66191,72184,649,Average,1386,Self-Employed,32,4,21,No
Bad,65537,33260,406,Poor,947,Employed,26,8,21,No
Good,119105,23233,347,Poor,684,Employed,37,9,51,No
Bad,41071,37851,636,Good,7476,Self-Employed,39,5,44,Yes
Bad,31868,58397,325,Good,1922,Employed,46,7,58,No
Bad,30836,44163,556,Average,2303,Employed,52,4,36,No
Bad,62346,14009,307,Poor,8086,Unemployed,26,1,48,No
Good,40165,18229,552,Good,2346,Self-Employed,56,3,29,No
Good,25343,10890,602,Good,3973,Employed,58,5,6,No
Good,107652,44482,355,Average,888,Employed,31,3,16,No
Good,37256,1848,825,Good,10222,Employed,53,7,60,No
Good,86664,6366,773,Poor,4221,Employed,44,9,26,No
Good,104186,74959,327,Good,6361,Employed,43,6,9,No
Bad,53293,60394,377,Good,1297,Employed,35,1,12,No
Bad,54482,76164,515,Good,900,Employed,47,7,31,Yes
Good,97647,42144,685,Good,2241,Employed,31,3,52,No
Bad,36794,32434,664,Average,1050,Self-Employed,37,5,55,No
Good,87276,56406,825,Average,1047,Employed,34,4,17,No
Bad,25617,63558,611,Poor,6314,Employed,47,5,36,No
Good,53110,44602,306,Good,3496,Employed,38,5,22,No
Bad,29772,50712,302,Poor,3609,Employed,48,6,38,No
Good,81755,9635,662,Good,4843,Employed,24,6,16,Yes
Good,49070,25610,807,Good,3017,Employed,27,8,33,No
Good,74275,6100,573,Good,4139,Employed,55,8,37,No
Good,93655,75965,805,Good,5742,Employed,29,9,6,No
Good,116738,63579,314,Good,10366,Employed,28,8,52,No
Bad,79234,79237,491,Poor,2080,Employed,37,2,33,No
Good,93683,19314,784,Good,2580,Employed,37,1,58,No
Bad,26982,57300,327,Poor,4530,Employed,53,2,47,Yes
Bad,75511,59350,338,Good,5150,Unemployed,52,2,12,Yes
Good,111821,3008,572,Poor,5595,Employed,28,3,7,No
Bad,90137,64027,530,Poor,2384,Employed,39,7,47,No
Good,98887,24694,385,Average,1453,Employed,58,2,29,No
Good,99515,19048,773,Average,1538,Employed,23,1,9,Yes
Good,100464,21479,425,Average,2279,Unemployed,25,6,49,No
Good,99021,26015,836,Poor,1478,Employed,33,9,24,No
Bad,80272,66716,444,Average,5103,Self-Employed,51,3,31,No
Good,119668,55270,824,Poor,9857,Employed,36,6,16,No
Bad,111829,78607,511,Average,6527,Employed,52,3,45,Yes
Good,117530,6308,324,Average,1347,Employed,42,1,55,No
Good,68645,33756,693,Good,2862,Self-Employed,49,5,48,No
Bad,98269,79425,366,Average,2753,Employed,42,4,16,No
Bad,39110,30559,532,Poor,3651,Employed,23,7,50,No
Good,73542,1729,408,Average,975,Unemployed,30,6,8,No
Bad,86791,67018,445,Average,2631,Employed,41,7,17,Yes
Bad,49384,47149,410,Average,2896,Employed,36,5,8,No
Bad,80218,40933,527,Poor,4716,Employed,32,4,47,No
Bad,51844,72775,410,Poor,2284,Unemployed,22,7,32,No
Good,50880,6058,769,Good,1236,Employed,44,7,54,No
Bad,27880,12367,333,Average,1103,Self-Employed,55,6,59,No
Good,28392,18504,668,Good,926,Self-Employed,50,8,7,No
Good,106393,48797,724,Poor,1800,Employed,50,4,54,No
Good,37962,15693,817,Poor,1905,Employed,55,5,21,No
Good,114627,21155,581,Average,1123,Employed,39,4,7,No
Good,57522,20604,619,Good,6331,Employed,28,1,59,No
Good,31906,44909,742,Good,1377,Self-Employed,46,8,35,No
Good,82459,25942,614,Good,2503,Self-Employed,60,1,25,No
Good,40358,50962,676,Average,2528,Employed,27,5,43,No
Bad,103637,65042,588,Poor,5324,Employed,50,6,33,Yes
Good,57850,11371,736,Average,6560,Employed,27,6,30,No
Bad,89419,57196,576,Poor,2969,Employed,23,5,37,No
Bad,26119,38881,802,Good,1206,Employed,21,3,15,Yes
Good,118875,78308,815,Good,2118,Employed,56,5,47,Yes
Bad,25033,72151,649,Average,629,Employed,45,8,45,No
Good,117207,52099,745,Good,1198,Employed,57,2,38,No
Good,60593,6329,649,Poor,2476,Employed,21,6,18,No
Bad,107439,38356,436,Poor,1138,Employed,35,9,46,No
Good,102705,63576,542,Good,14027,Employed,57,8,59,No
Good,82314,28167,842,Average,7596,Self-Employed,33,8,47,No
Good,78053,50003,339,Average,3077,Employed,60,8,52,No
Bad,96250,13819,528,Good,1505,Unemployed,28,7,42,Yes
Good,34663,40444,847,Average,3148,Self-Employed,25,8,59,No
Good,60965,46338,522,Good,6148,Employed,29,6,21,No
Good,112743,9260,305,Good,1337,Self-Employed,21,2,50,Yes
Good,73169,55376,621,Good,433,Employed,56,2,27,No
Good,79216,7881,767,Poor,1228,Employed,55,8,25,Yes
Good,83911,26559,374,Poor,790,Employed,22,1,55,No
Good,82737,10749,303,Poor,2570,Employed,60,6,48,No
Good,78065,17459,417,Average,250,Employed,43,6,32,No
Good,100219,5464,803,Average,1316,Employed,29,4,46,No
Bad,32920,51847,740,Poor,1882,Employed,54,3,21,No
Bad,29721,63833,493,Average,6416,Employed,34,3,39,No
Good,80552,38142,691,Poor,1275,Employed,24,1,37,No
Good,30112,12519,325,Good,6403,Self-Employed,50,3,31,No
Good,114896,45492,734,Good,1987,Employed,51,4,30,No
Good,65470,21668,472,Average,760,Employed,58,5,7,No
Good,105385,50118,599,Good,2603,Self-Employed,31,3,17,No
Good,84301,29991,625,Poor,3380,Employed,55,6,45,No
Bad,32559,62512,709,Average,3990,Employed,28,5,14,Yes
Bad,70677,57773,417,Average,11560,Employed,23,3,17,Yes
Bad,41274,29213,524,Poor,4380,Employed,34,6,31,No
Good,92811,61602,831,Average,6761,Unemployed,33,6,14,No
Bad,47967,41646,412,Poor,4280,Employed,52,8,15,No
Bad,81781,66834,439,Good,2325,Unemployed,54,2,37,Yes
Good,97103,23959,300,Poor,1048,Employed,39,1,39,No
Bad,65316,79335,389,Average,3160,Employed,58,4,53,No
Good,37438,21777,619,Average,2483,Employed,36,7,25,No
Good,78208,25109,849,Poor,14179,Employed,22,3,44,No
Bad,39154,39788,438,Average,1797,Employed,60,3,7,No
Good,77583,37898,810,Good,2511,Self-Employed,37,5,6,No
Bad,79040,75124,558,Poor,1274,Self-Employed,54,5,56,No
Good,113717,19003,309,Good,5248,Employed,36,3,41,No
Good,119270,59961,560,Good,3029,Unemployed,58,9,29,No
Bad,45260,42462,471,Average,428,Self-Employed,22,4,59,No
Good,63599,43525,312,Good,976,Employed,22,3,32,No
Bad,30024,34477,467,Good,841,Employed,46,2,7,Yes
Good,112662,22796,620,Good,5771,Employed,33,9,36,Yes
Good,97783,7864,618,Poor,1555,Employed,51,4,19,No
Bad,49742,60910,628,Poor,1285,Employed,54,3,7,No
Good,79428,52255,849,Average,1299,Employed,59,7,34,No
Bad,30780,3625,718,Poor,1271,Self-Employed,23,8,20,Yes
Bad,54619,75390,394,Poor,1393,Employed,28,2,17,No
Good,107264,12632,617,Good,691,Employed,43,7,42,No
Good,83161,16691,535,Good,5045,Unemployed,34,5,33,No
Good,84668,38638,633,Poor,2124,Self-Employed,47,5,25,No
Good,97413,52664,675,Good,2214,Employed,49,3,44,Yes
Good,48571,26186,758,Average,12680,Self-Employed,59,5,29,No
Bad,79042,62175,436,Poor,2463,Employed,59,2,26,No
Good,65239,22279,846,Average,1155,Employed,21,4,15,No
Bad,25402,66253,812,Poor,3108,Employed,37,6,51,No
Good,87236,69756,595,Good,2901,Employed,50,1,19,No
Good,28194,15911,619,Good,3617,Employed,33,4,42,No
Bad,107390,35418,648,Average,1655,Employed,41,6,23,Yes
Bad,67733,48644,528,Average,2812,Employed,39,9,29,Yes
Bad,62728,43870,569,Poor,8065,Employed,39,2,19,No
Bad,110563,62513,590,Average,3275,Employed,45,7,39,No
Good,83012,2452,464,Good,2223,Self-Employed,42,6,17,No
Bad,106835,55096,304,Poor,1480,Employed,51,2,27,No
Good,65027,13892,678,Poor,1371,Employed,37,8,11,No
Good,101633,10197,377,Average,3535,Employed,43,7,41,No
Good,84477,44020,709,Good,3509,Employed,52,5,50,No
Good,88527,6708,431,Average,5711,Employed,30,5,41,No
Good,84064,4797,341,Average,3872,Self-Employed,30,7,27,No
Good,116380,4796,388,Poor,4933,Employed,56,9,19,No
Bad,99884,36068,701,Poor,1940,Employed,28,9,21,Yes
Bad,111757,28906,595,Poor,1410,Employed,40,9,41,Yes
Bad,115105,74182,594,Average,836,Employed,52,6,30,No
Good,97971,19110,825,Poor,6468,Employed,34,6,37,No
Bad,38559,30566,721,Poor,1941,Employed,48,3,38,Yes
Bad,25654,32962,322,Average,2675,Employed,44,1,50,No
Good,98138,49255,442,Average,2751,Employed,35,7,41,No
Bad,45740,44378,444,Average,6224,Employed,42,4,25,No
Bad,101205,10840,524,Average,5998,Employed,50,1,23,Yes
Bad,27124,17941,802,Poor,1188,Self-Employed,24,8,43,Yes
Bad,40434,77580,403,Good,6313,Self-Employed,33,6,8,No
Bad,43654,40900,338,Poor,1221,Self-Employed,43,6,28,No
Good,95794,31514,497,Good,2892,Employed,28,2,37,No
Good,71803,32531,690,Good,3062,Employed,38,1,50,No
Bad,74087,60166,478,Average,2301,Employed,32,2,21,Yes
Bad,57542,58652,747,Poor,7511,Employed,51,4,10,Yes
Good,28708,64780,799,Good,1258,Employed,34,2,9,No
Bad,97704,38406,314,Poor,717,Employed,54,1,26,Yes
Good,46924,42971,588,Good,1549,Employed,38,7,45,No
Good,102605,5824,777,Average,1597,Unemployed,54,8,56,No
Bad,58815,66491,530,Poor,1795,Employed,31,6,19,Yes
Good,104410,25191,719,Poor,4272,Employed,32,4,44,No
Good,108429,25510,456,Poor,976,Employed,35,6,36,No
Good,32759,47133,849,Good,7472,Self-Employed,51,3,19,No
Bad,36170,4298,740,Average,9271,Employed,49,8,11,Yes
Bad,54646,72994,396,Good,590,Employed,46,2,17,No
Good,110216,63810,710,Poor,930,Employed,38,5,21,No
Good,66079,32575,588,Average,9283,Employed,52,1,22,No
Bad,100546,39975,553,Poor,1778,Employed,42,6,50,No
Good,66560,4245,495,Poor,907,Self-Employed,58,2,28,No
Good,78829,39921,821,Poor,484,Employed,37,4,19,No
Good,77145,10759,816,Poor,9629,Employed,43,6,12,No
Good,116454,47042,417,Average,3051,Employed,44,8,51,No
Good,91507,23815,458,Good,3931,Employed,28,8,37,No
Bad,118075,34998,527,Good,7432,Employed,26,6,20,Yes
Bad,118248,40051,515,Average,1338,Employed,25,4,49,Yes
Good,61197,19676,314,Poor,1554,Employed,49,8,22,No
Bad,60526,68866,456,Poor,15857,Employed,48,8,46,No
Bad,65082,31235,560,Poor,1345,Employed,31,1,59,No
Good,113039,23624,456,Average,1101,Employed,21,4,52,No
Good,75769,29723,346,Good,3016,Employed,39,4,49,No
Bad,27390,50765,623,Poor,2712,Self-Employed,29,7,39,No
Good,94673,6739,429,Good,731,Employed,47,7,10,No
Good,94512,11119,710,Poor,3780,Employed,54,8,50,No
Bad,64004,79192,394,Poor,1602,Self-Employed,24,5,32,Yes
Bad,94946,62590,591,Good,3966,Employed,56,7,57,Yes
Bad,82973,65811,582,Poor,4165,Self-Employed,38,8,28,No
Bad,74993,77126,368,Average,8335,Employed,35,9,45,Yes
Good,110822,17877,310,Good,6681,Unemployed,33,3,19,No
Good,116941,43484,553,Average,2375,Employed,39,3,20,No
Good,115312,44578,849,Average,1216,Employed,26,4,48,No
Bad,88293,75142,433,Good,11816,Employed,32,5,38,Yes
Bad,55240,14467,322,Poor,5084,Unemployed,57,1,58,No
Good,60745,23519,645,Poor,2327,Self-Employed,37,7,36,No
Bad,57760,70108,601,Poor,1082,Employed,43,9,40,No
Good,79040,1647,662,Average,886,Employed,46,8,22,No
Good,102675,2031,695,Average,601,Unemployed,49,5,33,No
Bad,39182,6800,517,Average,2957,Employed,53,4,24,No
Bad,27323,12155,440,Poor,2611,Self-Employed,47,7,51,No
Bad,57732,19570,509,Poor,5179,Self-Employed,45,5,59,Yes
Good,92440,21166,759,Poor,2993,Employed,30,7,28,No
Good,45733,13902,655,Poor,1943,Employed,43,1,37,No
Bad,88708,79256,623,Poor,1559,Employed,41,1,45,No
Good,99697,19229,432,Good,3422,Employed,41,3,18,No
Bad,97094,74287,426,Poor,3976,Self-Employed,33,2,25,No
Good,94958,28640,405,Average,6761,Employed,57,2,40,No
Bad,27830,74506,677,Good,1249,Self-Employed,53,7,10,No
Good,93424,35811,350,Good,1364,Employed,44,2,14,No
Bad,51575,47259,328,Good,709,Unemployed,31,4,34,No
Good,25347,1212,761,Good,2235,Employed,37,2,11,No
Good,98118,48704,595,Good,4042,Employed,24,6,30,No
Good,68674,16908,596,Good,1471,Employed,45,8,36,No
Bad,51868,67891,706,Poor,1442,Self-Employed,50,4,27,No
Bad,44597,78009,704,Average,10875,Employed,29,5,7,Yes
Good,32379,1975,645,Average,1474,Self-Employed,41,4,50,No
Good,99090,28639,719,Good,894,Employed,40,3,10,No
Bad,65151,75094,481,Average,3343,Employed,39,5,32,No
Good,101771,56476,300,Good,3959,Employed,39,9,30,No
Bad,31494,20312,670,Poor,3577,Employed,32,8,13,No
Good,103875,63124,730,Good,5804,Employed,57,8,60,No
Bad,105117,62797,608,Poor,2169,Unemployed,37,8,6,No
Good,68588,17184,436,Good,2439,Unemployed,57,8,25,No
Bad,68089,44989,501,Average,4526,Unemployed,59,7,49,No
Bad,31484,71457,735,Poor,2210,Self-Employed,48,8,28,No
Good,114692,74519,612,Good,2221,Employed,55,8,37,No
Bad,64816,68715,416,Poor,2389,Employed,38,8,16,No
Bad,59524,5555,543,Poor,3331,Employed,34,7,44,No
Good,79886,19878,836,Good,7409,Self-Employed,55,1,52,No
Good,100792,42759,374,Good,652,Employed,27,4,59,No
Good,118544,51706,685,Poor,7678,Employed,33,4,29,No
Bad,33337,45424,509,Average,1343,Employed,38,5,16,No
Good,93586,42412,774,Poor,1382,Employed,57,6,34,No
Good,117691,63988,717,Average,874,Self-Employed,33,4,59,No
Good,70019,1839,646,Average,3590,Self-Employed,56,2,31,No
Good,119060,59412,828,Average,1322,Employed,51,6,21,No
Bad,114351,57833,478,Poor,1940,Unemployed,22,8,40,Yes
Good,107558,7910,481,Good,3595,Employed,36,8,25,Yes
Good,109863,33277,324,Average,1422,Employed,29,7,51,No
Bad,26754,25051,479,Good,6742,Employed,29,6,8,Yes
Bad,44563,56276,800,Average,7814,Employed,58,2,6,Yes
Bad,30232,33484,460,Good,9277,Employed,31,7,58,No
Bad,26309,26442,476,Average,2181,Unemployed,42,5,52,Yes
Bad,44400,1519,584,Average,1098,Employed,53,6,6,Yes
Bad,75102,71530,362,Average,4057,Self-Employed,56,8,22,No
Bad,112840,65698,455,Average,795,Employed,43,8,7,No
Good,98090,32123,768,Average,2825,Employed,54,3,34,No
Bad,63456,56430,348,Average,15672,Employed,29,7,25,Yes
Good,88385,42116,383,Good,6614,Employed,44,1,11,No
Good,50606,67513,660,Good,7824,Employed,28,1,13,No
Bad,100043,28672,447,Poor,2442,Unemployed,27,7,34,No
Bad,38205,77514,641,Good,1829,Employed,56,9,53,No
Good,56057,31045,775,Good,2171,Employed,38,7,56,No
Good,74849,33059,362,Average,5800,Employed,23,5,38,No
Bad,44081,73035,659,Good,1169,Employed,48,8,8,Yes
Good,90247,52116,626,Good,8947,Employed,26,2,40,No
Bad,71498,70443,440,Poor,2606,Employed,41,9,10,No
Good,97134,12102,514,Poor,1592,Employed,48,6,32,No
Good,104499,30918,734,Average,2186,Employed,60,9,49,Yes
Bad,28019,24402,617,Poor,4153,Employed,21,2,17,No
Bad,38181,34891,331,Poor,2625,Employed,56,3,25,No
Bad,62133,2417,584,Poor,3485,Employed,41,8,50,Yes
Bad,75297,72295,604,Poor,10477,Employed,55,1,25,No
Bad,34358,2244,728,Poor,1386,Unemployed,33,7,14,Yes
Good,94794,79009,776,Poor,1278,Employed,30,7,44,No
Bad,50073,78278,585,Poor,1107,Employed,30,1,9,No
Bad,115712,53432,443,Poor,3763,Employed,33,9,56,No
Good,66465,68754,723,Good,3711,Unemployed,57,8,59,No
Bad,79154,61027,318,Average,3594,Employed,58,4,24,No
Bad,63255,57392,317,Poor,3195,Employed,44,5,43,No
Bad,35029,58910,670,Poor,4454,Self-Employed,22,2,32,No
Good,82350,52236,474,Good,4736,Employed,42,9,50,No
Good,102303,52098,493,Average,2991,Employed,37,6,48,No
Good,79792,2798,801,Poor,2142,Employed,56,3,18,Yes
Good,100397,38130,412,Average,3161,Employed,34,7,18,No
Bad,33558,70377,413,Poor,18424,Unemployed,30,9,27,No
Good,65783,8112,521,Poor,2848,Self-Employed,55,3,33,No
Bad,106592,73582,563,Poor,14896,Employed,45,2,57,No
Good,80860,18978,354,Poor,2359,Employed,23,7,52,No
Good,51158,28204,757,Good,3345,Employed,58,7,58,No
Bad,78541,64912,461,Poor,1817,Employed,37,4,50,No
Good,118535,24943,679,Good,12749,Self-Employed,32,9,27,No
Bad,113726,46694,386,Poor,1366,Employed,44,8,48,No
Bad,57015,44139,354,Poor,2002,Employed,49,1,24,No
Good,77049,42962,775,Good,6872,Self-Employed,45,1,13,No
Bad,115473,71525,477,Average,697,Employed,56,5,57,No
Good,111060,46371,690,Poor,1049,Employed,46,6,13,No
Good,118802,58054,648,Poor,10297,Employed,58,3,47,No
Bad,84903,42450,307,Poor,1867,Unemployed,21,9,31,No
Good,33846,22428,612,Good,1344,Employed,40,6,53,No
Good,95783,14827,742,Poor,1747,Employed,48,4,56,Yes
Good,82769,52741,627,Good,1670,Employed,36,7,31,No
Bad,40486,16820,353,Poor,1224,Employed,37,8,28,No
Bad,82916,42345,538,Poor,522,Self-Employed,60,9,48,Yes
Good,100393,18811,528,Average,1498,Self-Employed,48,6,18,No
Good,101731,55735,350,Average,1919,Employed,32,6,33,No
Bad,96812,31857,563,Poor,745,Employed,47,8,14,No
Good,62591,14808,717,Poor,2063,Employed,50,5,25,No
Good,96258,8194,395,Good,6288,Employed,54,3,24,Yes
Bad,107138,75497,387,Poor,6842,Employed,57,3,53,No
Bad,115433,25124,377,Poor,3527,Self-Employed,26,6,44,Yes
Bad,52013,29857,587,Poor,1546,Employed,27,2,56,No
Good,63014,28916,419,Good,929,Employed,52,6,17,No
Good,111756,12462,790,Good,1455,Employed,52,6,20,No
Good,49439,11445,751,Good,1845,Self-Employed,45,8,36,Yes
Good,100841,3759,799,Average,8358,Self-Employed,53,7,60,No
Bad,59954,66345,464,Good,3349,Self-Employed,27,8,19,No
Good,95669,13253,481,Poor,2859,Employed,32,9,16,No
Good,118284,42211,768,Poor,1533,Employed,36,6,31,No
Good,78868,38977,306,Good,3621,Self-Employed,36,3,47,No
Good,118976,18445,629,Good,3590,Employed,56,3,32,No
Good,99213,14616,450,Good,2145,Employed,33,1,16,Yes
Good,74604,52076,384,Good,4113,Self-Employed,27,5,43,No
Good,87634,20879,446,Good,10974,Self-Employed,56,4,39,No
Good,104663,65460,680,Average,1893,Employed,29,9,48,No
Good,75301,41206,847,Average,1231,Employed,52,9,24,No
Bad,44078,35751,584,Average,3656,Employed,31,5,11,No
Bad,79884,40487,381,Poor,1154,Employed,28,4,51,No
Good,54652,14021,813,Poor,4006,Employed,53,7,57,No
Good,76711,79346,822,Good,3069,Self-Employed,43,6,43,Yes
Bad,25724,75604,685,Good,1740,Self-Employed,45,4,54,No
Good,103823,71697,770,Good,2353,Self-Employed,28,2,47,No
Good,95394,55922,418,Good,3556,Employed,42,1,33,No
Good,54347,24222,695,Good,2397,Self-Employed,24,4,6,No
Good,81066,56410,831,Average,454,Self-Employed,60,4,40,No
Good,45344,29191,560,Good,1715,Employed,23,1,45,No
Bad,53386,67597,555,Poor,2520,Self-Employed,49,6,13,No
Good,60820,73534,525,Good,3568,Self-Employed,49,4,57,No
Good,116273,38599,352,Average,7166,Employed,54,1,59,No
Good,78729,76956,799,Average,3939,Employed,54,1,52,No
Good,107051,30939,805,Average,1514,Employed,48,1,12,No
Good,69284,9068,663,Poor,7393,Employed,33,8,16,No
Bad,28245,9762,579,Good,1193,Employed,35,8,44,Yes
Good,113929,35387,457,Average,7297,Self-Employed,43,2,9,No
Good,74703,51575,358,Good,2831,Employed,46,7,30,No
Good,92572,77402,427,Good,1258,Employed,24,8,17,No
Good,90752,27258,414,Good,753,Employed,46,8,31,No
Bad,25808,65450,508,Average,2427,Employed,60,7,43,No
Good,89355,17123,825,Poor,2538,Employed,29,5,51,No
Good,82436,75924,820,Average,1264,Employed,25,1,17,No
Bad,45932,67181,536,Good,8386,Employed,52,9,48,Yes
Bad,77933,77576,580,Poor,4844,Employed,40,7,56,No
Good,102327,30517,658,Average,2923,Employed,31,2,58,No
Bad,35150,27803,500,Poor,8229,Employed,35,6,42,No
Bad,30166,75865,577,Average,2028,Self-Employed,52,2,51,No
Bad,67755,44938,534,Average,1433,Employed,48,1,58,Yes
Good,76912,29396,793,Average,6289,Self-Employed,42,7,29,No
Good,105246,33232,303,Average,1409,Employed,37,2,21,No
Bad,68148,58485,741,Poor,6579,Employed,46,2,18,Yes
Good,113552,41598,328,Good,1743,Self-Employed,27,5,30,No
Bad,104763,73263,408,Poor,3565,Employed,46,5,59,No
Bad,43032,61553,374,Poor,1569,Employed,45,7,59,No
Good,43144,10731,445,Good,1936,Employed,30,1,57,No
Bad,36469,17395,427,Poor,3959,Employed,39,8,59,Yes
Good,109024,59966,341,Good,2390,Employed,31,3,9,No
Good,67053,20074,655,Good,1736,Employed,33,4,16,No
Bad,39079,60841,340,Good,3857,Employed,28,9,37,No
Good,84223,39702,333,Good,804,Employed,60,4,54,No
Good,93497,13594,316,Average,1845,Employed,24,5,12,No
Good,57744,19199,452,Good,4576,Self-Employed,51,7,51,No
